"sex","income","Count(marital-status)","Mean(age)"
"Female","<=50K",9592,36.210800667222685
"Female",">50K",1179,42.125530110262986
"Male","<=50K",15128,37.14701216287683
"Male",">50K",6662,44.625788051636164
